{
  "project_info": {
    "project_number": "538868171734",
    "project_id": "pandemic-control-c690c",
    "storage_bucket": "pandemic-control-c690c.appspot.com"
  },
  "client": [
    {
      "client_info": {
        "mobilesdk_app_id": "1:538868171734:android:20e4f287f394caf2899a77",
        "android_client_info": {
          "package_name": "com.project.pendamic"
        }
      },
      "oauth_client": [
        {
          "client_id": "538868171734-3nipd410vg0idgasrj6rqje9rv5b0t5p.apps.googleusercontent.com",
          "client_type": 3
        }
      ],
      "api_key": [
        {
          "current_key": "AIzaSyDs_YUIi3O06-Dff1jwMagNtPgZgReCu_c"
        }
      ],
      "services": {
        "appinvite_service": {
          "other_platform_oauth_client": [
            {
              "client_id": "538868171734-3nipd410vg0idgasrj6rqje9rv5b0t5p.apps.googleusercontent.com",
              "client_type": 3
            }
          ]
        }
      }
    }
  ],
  "configuration_version": "1"
}